<?xml version="1.0" encoding="UTF-8"?>
<project-private xmlns="http://www.netbeans.org/ns/project-private/1">
    <editor-bookmarks xmlns="http://www.netbeans.org/ns/editor-bookmarks/2" lastBookmarkId="0"/>
    <open-files xmlns="http://www.netbeans.org/ns/projectui-open-files/2">
        <group name="PRJ301 - 4USER">
            <file>file:/C:/Users/ADMIN/OneDrive%20-%20vinhdeptrai/Code%20Thue/PRJ301/Workshop/LAB1%20-%20HCM/web/login.html</file>
            <file>file:/C:/Users/ADMIN/OneDrive%20-%20vinhdeptrai/Code%20Thue/PRJ301/Workshop/LAB1%20-%20HCM/src/java/controller/ColorServlet.java</file>
            <file>file:/C:/Users/ADMIN/OneDrive%20-%20vinhdeptrai/Code%20Thue/PRJ301/Workshop/LAB1%20-%20HCM/src/java/controller/LoginServlet.java</file>
        </group>
    </open-files>
</project-private>
